{"cameraMode":{"drawMode":0,"name":"Shaded","section":"Shading Mode"},"sceneLighting":false,"audioPlay":false,"sceneViewState":{"showFog":false,"showMaterialUpdate":false,"showSkybox":false,"showFlares":false,"showImageEffects":false,"showParticleSystems":false},"in2DMode":false,"pivot":{"x":15.875842094421387,"y":3.045604944229126,"z":-6.513981342315674},"rotation":{"x":0.029045894742012025,"y":-0.9709292054176331,"z":0.16347749531269074,"w":0.17245826125144959},"size":0.7447097897529602,"orthographic":false}