{"cameraMode":{"drawMode":0,"name":"Shaded","section":"Shading Mode"},"sceneLighting":false,"audioPlay":false,"sceneViewState":{"showFog":false,"showMaterialUpdate":false,"showSkybox":false,"showFlares":false,"showImageEffects":false,"showParticleSystems":false},"in2DMode":false,"pivot":{"x":-19.317420959472658,"y":-9.727217674255371,"z":-4.448037624359131},"rotation":{"x":-0.001899686292745173,"y":-0.9929618835449219,"z":-0.01607770286500454,"w":0.11732027679681778},"size":4.826379776000977,"orthographic":false}