{"cameraMode":{"drawMode":0,"name":"Shaded","section":"Shading Mode"},"sceneLighting":false,"audioPlay":false,"sceneViewState":{"showFog":false,"showMaterialUpdate":false,"showSkybox":false,"showFlares":false,"showImageEffects":false,"showParticleSystems":false},"in2DMode":false,"pivot":{"x":0.8649956583976746,"y":1.5559293031692505,"z":1.1124306917190552},"rotation":{"x":-0.10676919668912888,"y":0.6629540324211121,"z":-0.09634032845497132,"w":-0.7347193360328674},"size":1.2241220474243165,"orthographic":false}