{"cameraMode":{"drawMode":0,"name":"Shaded","section":"Shading Mode"},"sceneLighting":false,"audioPlay":false,"sceneViewState":{"showFog":false,"showMaterialUpdate":false,"showSkybox":false,"showFlares":false,"showImageEffects":false,"showParticleSystems":false},"in2DMode":false,"pivot":{"x":0.5939717888832092,"y":-0.40937551856040957,"z":1.1745550632476807},"rotation":{"x":0.24369439482688905,"y":0.03198986500501633,"z":-0.008052312768995762,"w":0.9692952632904053},"size":0.4436405301094055,"orthographic":false}