{"cameraMode":{"drawMode":0,"name":"Shaded","section":"Shading Mode"},"sceneLighting":false,"audioPlay":false,"sceneViewState":{"showFog":false,"showMaterialUpdate":false,"showSkybox":false,"showFlares":false,"showImageEffects":false,"showParticleSystems":false},"in2DMode":false,"pivot":{"x":0.07359468936920166,"y":-0.4333372116088867,"z":1.1334946155548096},"rotation":{"x":0.029045894742012025,"y":-0.9709292054176331,"z":0.16347749531269074,"w":0.17245826125144959},"size":0.7138827443122864,"orthographic":false}