{"cameraMode":{"drawMode":0,"name":"Shaded","section":"Shading Mode"},"sceneLighting":false,"audioPlay":false,"sceneViewState":{"showFog":false,"showMaterialUpdate":false,"showSkybox":false,"showFlares":false,"showImageEffects":false,"showParticleSystems":false},"in2DMode":false,"pivot":{"x":0.2236211597919464,"y":-0.5968349575996399,"z":1.210858702659607},"rotation":{"x":-0.10946141183376312,"y":-0.8901633024215698,"z":0.32625705003738406,"w":-0.29866155982017519},"size":0.7138828635215759,"orthographic":false}