{"cameraMode":{"drawMode":0,"name":"Shaded","section":"Shading Mode"},"sceneLighting":true,"audioPlay":false,"sceneViewState":{"showFog":false,"showMaterialUpdate":false,"showSkybox":false,"showFlares":false,"showImageEffects":false,"showParticleSystems":false},"in2DMode":false,"pivot":{"x":-16.659423828125,"y":2.2807836532592775,"z":30.816768646240236},"rotation":{"x":0.009261668659746647,"y":-0.9896035194396973,"z":0.07466628402471543,"w":0.12262937426567078},"size":2.1885411739349367,"orthographic":false}