{"cameraMode":{"drawMode":0,"name":"Shaded","section":"Shading Mode"},"sceneLighting":false,"audioPlay":false,"sceneViewState":{"showFog":false,"showMaterialUpdate":false,"showSkybox":false,"showFlares":false,"showImageEffects":false,"showParticleSystems":false},"in2DMode":false,"pivot":{"x":57.73884201049805,"y":1.3954797983169556,"z":-9.677120208740235},"rotation":{"x":-0.16533195972442628,"y":0.6286959648132324,"z":-0.13914352655410767,"w":-0.7470247745513916},"size":2.1544015407562258,"orthographic":false}